{"cameraMode":{"drawMode":0,"name":"Shaded","section":"Shading Mode"},"sceneLighting":true,"audioPlay":false,"sceneViewState":{"m_AlwaysRefresh":false,"showFog":true,"showSkybox":true,"showFlares":true,"showImageEffects":true,"showParticleSystems":true,"showVisualEffectGraphs":true,"m_FxEnabled":true},"in2DMode":false,"pivot":{"x":-2.9667625427246095,"y":1.2827428579330445,"z":1.0803158283233643},"rotation":{"x":0.29517731070518496,"y":-0.24899181723594666,"z":0.07997861504554749,"w":0.9189550280570984},"size":6.0291523933410648,"orthographic":false}